refId,name,intro ,imageid,iconid,shirt,position,star,league,nation,skillrefid,specialType,offense,organize,defense,goalkeep,a,b,c,d,offenseJie,organizeJie,defenseJie,goalkeepJie
10000,玩家,玩家卡牌,hero_h_10000,hero_i_10000,shirt_617,1,6,1,8,4022/4023/4024/4025,2,68,68,68,68,8000,8000,8000,8000,500#1000#2000#4000#6000,500#1000#2000#4000#6000,500#1000#2000#4000#6000,500#1000#2000#4000#6000
10054,尤西比奥,66年世界杯最佳射手,hero_h_10054,hero_i_10054,shirt_608,1,6,8,8,4006,1,212,88,60,23,8000,5000,1000,1000,500#1000#2000#4000#6000,500#1000#2000,100#300#600,100#300#600
10164,C・罗纳尔多,带球速度极快，善于突破和射门。,hero_h_10164,hero_i_10164,shirt_608,2,6,5,8,4007,1,202,102,45,20,8000,5000,1000,1000,500#1000#2000#4000#6000,500#1000#2000,100#300#600,100#300#600
10177,齐达内,前卫当今最有成就的司职中场大师。 ,hero_h_10177,hero_i_10177,shirt_611,2,6,8,8,4012,1,189,210,45,20,5000,8000,1000,1000,500#1000#2000,500#1000#2000#4000#6000,100#300#600,100#300#600
10178,普拉蒂尼,八十年代欧洲最佳球员，三度金球奖得主。 ,hero_h_10178,hero_i_10178,shirt_611,2,6,8,8,4013,1,189,210,45,20,5000,8000,1000,1000,500#1000#2000,500#1000#2000#4000#6000,100#300#600,100#300#600
10059,范巴斯滕,“三剑客”之一，天才射手，可惜过早退役。 ,hero_h_10059,hero_i_10059,shirt_607,1,6,8,7,4005,1,222,89,45,20,8000,4000,1000,1000,500#1000#2000#4000#6000,500#1000#2000,100#300#600,100#300#600
10040,梅西,2009年金球奖及世界足球先生。,hero_h_10040,hero_i_10040,shirt_606,1,6,5,6,4001,1,210,189,45,20,8000,6000,1000,1000,500#1000#2000#4000#6000,500#1000#2000#3500,100#300#600,100#300#600
10052,马拉多纳,被认为足球史上最优秀亦是最具争议的球员。,hero_h_10052,hero_i_10052,shirt_606,1,6,8,6,4002,1,203,230,89,20,8000,8000,1000,1000,500#1000#2000#4000#6000,500#1000#2000#4000#6000,100#300#600,100#300#600
10061,巴乔,贝克汉姆之前最受女球迷喜爱的球星。,hero_h_10061,hero_i_10061,shirt_604,1,6,8,4,4010,1,189,178,45,20,8000,4000,1000,1000,500#1000#2000#4000#6000,500#1000#2000,100#300#600,100#300#600
10186,巴雷西,八、九十年代米兰王朝的领袖。,hero_h_10186,hero_i_10186,shirt_604,2,6,8,4,4017,1,90,67,210,20,1000,1000,8000,1000,100#300#600,100#300#600,500#1000#2000#4000#6000,100#300#600
10265,马尔蒂尼,米兰王朝的见证人，职业球员的典范。,hero_h_10265,hero_i_10265,shirt_604,3,6,8,4,4016,1,90,67,210,20,1000,1000,8000,1000,100#300#600,100#300#600,500#1000#2000#4000#6000,100#300#600
10286,佐夫,欧洲“钢门”。 ,hero_h_10286,hero_i_10286,shirt_604,4,6,8,4,4019,1,38,67,89,210,1000,1000,1000,8000,100#300#600,100#300#600,100#300#600,500#1000#2000#4000#6000
10057,盖德・穆勒,世界杯进球纪录14球保持者。 ,hero_h_10057,hero_i_10057,shirt_603,1,6,8,3,4008,1,189,71,52,40,8000,1000,1000,1000,500#1000#2000#4000#6000,100#300#600,100#300#600,100#300#600
10176,贝肯鲍尔,现代全能型球员的典范。 ,hero_h_10176,hero_i_10176,shirt_603,2,6,8,3,4015,1,189,189,120,40,4000,8000,1000,1000,500#1000#2000,500#1000#2000#4000#6000,100#300#600,100#300#600
10266,马特乌斯,90年世界杯得主，德国足球的象征。 ,hero_h_10266,hero_i_10266,shirt_603,3,6,8,3,4018,1,148,168,150,60,4000,7000,4000,1000,500#1000#2000,500#1000#2000#4000#6000,100#300#600,100#300#600
10289,卡恩,2002年世界杯最佳球员，极具领袖气质。,hero_h_10289,hero_i_10289,shirt_603,4,6,8,3,4020,1,38,67,89,210,1000,1000,1000,8000,100#300#600,100#300#600,100#300#600,500#1000#2000#4000#6000
10179,查尔顿,英国最有成就的足球大师，曼联足球的见证人。 ,hero_h_10179,hero_i_10179,shirt_602,2,6,8,2,4014,1,130,160,150,30,4000,7000,1000,1000,500#1000#2000,500#1000#2000#4000#6000,100#300#600,100#300#600
10053,贝利,迄今享誉最多的足球运动员，三届世界杯得主。 ,hero_h_10053,hero_i_10053,shirt_601,1,6,8,1,4003,1,199,201,75,30,8000,8000,1000,1000,500#1000#2000#4000#6000,500#1000#2000#4000#6000,100#300#600,100#300#600
10062,济科,八十年代巴西桑巴舞之代表人物。 ,hero_h_10062,hero_i_10062,shirt_601,1,6,8,1,4011,1,178,192,40,30,5000,8000,1000,1000,500#1000#2000,500#1000#2000#4000#6000,100#300#600,100#300#600
10090,罗纳尔多,左右脚均衡，射术全面，射门精准。,hero_h_10090,hero_i_10090,shirt_601,1,6,5,1,4009,1,222,78,50,30,8000,1000,1000,1000,500#1000#2000#4000#6000,100#300#600,100#300#600,100#300#600
10070,亨利,当今最高产的射手之一。 ,hero_h_10070,hero_i_10070,shirt_611,1,5,8,8,4044,1,160,90,50,30,6000,1000,1000,1000,100#200#300#400#500#600,100#200#300#400#500#601,100#200#300#400#500#602,100#200#300#400#500#603
10108,德尚,曾率领法国队夺得世界杯和欧洲足球锦标赛的双料冠军。,hero_h_10108,hero_i_10108,shirt_611,2,5,7,8,4031,4,40,160,120,20,1000,1000,6000,1000,100#200#300#400#500#600,100#200#300#400#500#601,100#200#300#400#500#602,100#200#300#400#500#603
10180,内德维德,东欧足球最杰出的代表，当今足坛第一硬汉。 ,hero_h_10180,hero_i_10180,shirt_622,2,5,8,8,4029,1,78,120,160,20,1000,1000,6000,1000,100#200#300#400#500#600,100#200#300#400#500#601,100#200#300#400#500#602,100#200#300#400#500#603
10182,菲戈,葡萄牙“黄金一代”的首领。 ,hero_h_10182,hero_i_10182,shirt_608,2,5,8,8,4039,1,120,150,56,30,1000,6000,1000,1000,100#200#300#400#500#600,100#200#300#400#500#601,100#200#300#400#500#602,100#200#300#400#500#603
10264,图拉姆,法国队连夺世界杯和欧锦赛的关键人物之一。 ,hero_h_10264,hero_i_10264,shirt_611,3,5,8,8,4033,1,78,102,160,20,1000,1000,6000,1000,100#200#300#400#500#600,100#200#300#400#500#601,100#200#300#400#500#602,100#200#300#400#500#603
10288,舒梅切尔,92年以替补身份夺取欧洲杯的主要缔造者。 ,hero_h_10288,hero_i_10288,shirt_614,4,5,8,8,4051,1,30,24,39,170,1000,1000,1000,6000,100#200#300#400#500#600,100#200#300#400#500#601,100#200#300#400#500#602,100#200#300#400#500#603
10020,范佩西,英超赛场上一共打进30球，捧得英超金靴，阿森纳的头号射手。,hero_h_10020,hero_i_10020,shirt_607,1,5,2,7,4043,1,160,104,31,30,6000,1000,1000,1000,100#200#300#400#500#600,100#200#300#400#500#601,100#200#300#400#500#602,100#200#300#400#500#603
10058,博格坎普,当今最具创造性的球星之一。 ,hero_h_10058,hero_i_10058,shirt_607,1,5,8,7,4028,1,160,104,31,30,6000,1000,1000,1000,100#200#300#400#500#600,100#200#300#400#500#601,100#200#300#400#500#602,100#200#300#400#500#603
10181,里杰卡尔德,名扬天下的荷兰“三剑客”之一。 ,hero_h_10181,hero_i_10181,shirt_607,2,5,8,7,4032,1,90,144,31,30,1000,6000,1000,1000,100#200#300#400#500#600,100#200#300#400#500#601,100#200#300#400#500#602,100#200#300#400#500#603
10267,古利特,“三剑客”之一，轻灵与简捷，被称为“辫帅”。 ,hero_h_10267,hero_i_10267,shirt_607,3,5,8,7,4034,1,160,104,31,30,4000,6000,1000,1000,100#200#300#400#500#600,100#200#300#400#500#601,100#200#300#400#500#602,100#200#300#400#500#603
10019,阿奎罗,爆发力和寻找战机能力很强，擅于盘带，速度较快。,hero_h_10019,hero_i_10019,shirt_606,1,5,2,6,4041,1,160,89,31,30,6000,1000,1000,1000,100#200#300#400#500#600,100#200#300#400#500#601,100#200#300#400#500#602,100#200#300#400#500#603
10051,斯蒂法诺,五十年代率领皇马连续五次夺取欧洲冠军杯。,hero_h_10051,hero_i_10051,shirt_606,1,5,8,6,4027,1,170,81,53,20,6000,1000,1000,1000,100#200#300#400#500#600,100#200#300#400#500#601,100#200#300#400#500#602,100#200#300#400#500#603
10072,肯佩斯,78年世界杯最佳射手。,hero_h_10072,hero_i_10072,shirt_606,1,5,8,6,4030,1,160,89,31,30,6000,1000,1000,1000,100#200#300#400#500#600,100#200#300#400#500#601,100#200#300#400#500#602,100#200#300#400#500#603
10041,劳尔,在当今的世界足球史上永远会是个不老的传奇。 ,hero_h_10041,hero_i_10041,shirt_605,1,5,3,5,4044,1,140,130,42,40,6000,1000,1000,1000,100#200#300#400#500#600,100#200#300#400#500#601,100#200#300#400#500#602,100#200#300#400#500#603
10135,伊涅斯塔,依靠全面的能力以及优秀的职业素质，能够胜任任何教练交与他的责任。,hero_h_10135,hero_i_10135,shirt_605,2,5,5,5,4026,1,89,160,45,30,1000,6000,1000,1000,100#200#300#400#500#600,100#200#300#400#500#601,100#200#300#400#500#602,100#200#300#400#500#603
10282,卡西利亚斯,绝活是在门线上以惊人的反应速度封住对手近在咫尺的射门。,hero_h_10282,hero_i_10282,shirt_605,4,5,5,5,4038,1,34,36,30,160,1000,1000,1000,6000,100#200#300#400#500#600,100#200#300#400#500#601,100#200#300#400#500#602,100#200#300#400#500#603
10074,克林斯曼,喜欢周游世界的强力前锋。 ,hero_h_10074,hero_i_10074,shirt_603,1,5,8,3,4040,1,150,94,50,47,6000,1000,1000,1000,100#200#300#400#500#600,100#200#300#400#500#601,100#200#300#400#500#602,100#200#300#400#500#603
10022,鲁尼,活动范围大、技术全面且非常无私，被认为是同时代最出色的英格兰球员。,hero_h_10022,hero_i_10022,shirt_602,1,5,2,2,4042,1,160,102,30,20,6000,1000,1000,1000,100#200#300#400#500#600,100#200#300#400#500#601,100#200#300#400#500#602,100#200#300#400#500#603
10060,希勒,技术精湛的高产射手。 ,hero_h_10060,hero_i_10060,shirt_602,1,5,8,2,4031,1,155,65,50,30,6000,1000,1000,1000,100#200#300#400#500#600,100#200#300#400#500#601,100#200#300#400#500#602,100#200#300#400#500#603
10096,阿什利・扬?,2006-2007赛季冬季英超转会市场的标王。,hero_h_10096,hero_i_10096,shirt_602,2,5,2,2,4045,1,41,100,156,20,1000,1000,6000,1000,100#200#300#400#500#600,100#200#300#400#500#601,100#200#300#400#500#602,100#200#300#400#500#603
10172,吉格斯,边锋天才球员，盘球大师，十年来一直是曼联最可靠的取胜之匙。 ,hero_h_10172,hero_i_10172,shirt_602,2,5,2,2,4028,1,98,130,40,51,1000,6000,1000,1000,100#200#300#400#500#600,100#200#300#400#500#601,100#200#300#400#500#602,100#200#300#400#500#603
10050,内马尔,突破非常犀利且能将花哨动作熟练运用于实战。,hero_h_10050,hero_i_10050,shirt_601,1,5,8,1,4026,1,170,110,41,30,6000,1000,1000,1000,100#200#300#400#500#600,100#200#300#400#500#601,100#200#300#400#500#602,100#200#300#400#500#603
10055,罗马里奥,天生的射手，94年巴西夺取世界杯的头号功臣。 ,hero_h_10055,hero_i_10055,shirt_601,1,5,8,1,4030,1,173,30,30,10,6000,1000,1000,1000,100#200#300#400#500#600,100#200#300#400#500#601,100#200#300#400#500#602,100#200#300#400#500#603
10069,卡雷卡,八十年代巴西首席射手，86年世界杯表现极佳。,hero_h_10069,hero_i_10069,shirt_601,1,5,8,1,4043,1,140,73,30,20,6000,1000,1000,1000,100#200#300#400#500#600,100#200#300#400#500#601,100#200#300#400#500#602,100#200#300#400#500#603
10071,苏格拉底,86年世界杯表现极佳，以头脑冷静而著称。 ,hero_h_10071,hero_i_10071,shirt_601,1,5,8,1,4029,1,102,130,30,10,1000,6000,1000,1000,100#200#300#400#500#600,100#200#300#400#500#601,100#200#300#400#500#602,100#200#300#400#500#603
10104,巴普蒂斯塔,体力出众、技术出色、身强力壮。,hero_h_10104,hero_i_10104,shirt_601,2,5,5,1,4027,1,173,30,30,10,6000,1000,1000,1000,100#200#300#400#500#600,100#200#300#400#500#601,100#200#300#400#500#602,100#200#300#400#500#603
10268,卡洛斯,当今最有成就的攻击型司职后卫。 ,hero_h_10268,hero_i_10268,shirt_601,3,5,8,1,4035,1,120,30,130,10,1000,1000,6000,1000,100#200#300#400#500#600,100#200#300#400#500#601,100#200#300#400#500#602,100#200#300#400#500#603
10002,德罗巴,冲击力、速度、体格都非常优秀。,hero_h_10002,hero_i_10002,shirt_630,1,4,2,8,4071,1,150,95,30,10,5000,1000,1000,1000,100#200#300#400#500#600,100#200#300#400#500#601,100#200#300#400#500#602,100#200#300#400#500#603
10004,贝尔巴托夫,停球控球极佳，优雅的球风在足坛独树一帜。,hero_h_10004,hero_i_10004,shirt_628,1,4,2,8,4054,1,60,130,89,32,1000,5000,1000,1000,100#200#300#400#500#600,100#200#300#400#500#601,100#200#300#400#500#602,100#200#300#400#500#603
10007,G・罗西,一名年少成名的天才球员。在代表帕尔玛参加的114场比赛中攻入了133个进球。,hero_h_10007,hero_i_10007,shirt_628,1,4,5,8,4069,1,144,89,33,32,5000,1000,1000,1000,100#200#300#400#500#600,100#200#300#400#500#601,100#200#300#400#500#602,100#200#300#400#500#603
10023,伊瓜因,他的射门技术是整个西甲乃至全世界最精湛的射手之一。,hero_h_10023,hero_i_10023,shirt_606,1,4,5,8,4056,1,153,55,30,30,5000,1000,1000,1000,100#200#300#400#500#600,100#200#300#400#500#601,100#200#300#400#500#602,100#200#300#400#500#603
10026,本泽马,虽然年纪轻轻，但却展现出过人的才华和舍我其谁的霸气。,hero_h_10026,hero_i_10026,shirt_611,1,4,5,8,4055,1,145,55,30,30,5000,1000,1000,1000,100#200#300#400#500#600,100#200#300#400#500#601,100#200#300#400#500#602,100#200#300#400#500#603
10027,苏亚雷斯,控球出神入化如入无人之境，几位防守队员围追堵截都奈何不了他。,hero_h_10027,hero_i_10027,shirt_615,1,4,2,8,4065,1,145,55,30,30,5000,1000,1000,1000,100#200#300#400#500#600,100#200#300#400#500#601,100#200#300#400#500#602,100#200#300#400#500#603
10035,桑切斯,十分灵活，善于利于娴熟的脚下技术和出众的速度灵活性突破。,hero_h_10035,hero_i_10035,shirt_609,1,4,5,8,4071,1,145,55,30,30,5000,1000,1000,1000,100#200#300#400#500#600,100#200#300#400#500#601,100#200#300#400#500#602,100#200#300#400#500#603
10091,斯坦科维奇,传球视野开阔，一名出色的攻击型中场。,hero_h_10091,hero_i_10091,shirt_627,2,4,1,8,4055,1,110,98,30,30,1000,5000,1000,1000,100#200#300#400#500#600,100#200#300#400#500#601,100#200#300#400#500#602,100#200#300#400#500#603
10098,古尔库夫,一名技术全面的攻击型中场，禁区弧顶一带是他最擅长的区域。,hero_h_10098,hero_i_10098,shirt_611,2,4,6,8,4052,1,110,98,30,30,1000,5000,1000,1000,100#200#300#400#500#600,100#200#300#400#500#601,100#200#300#400#500#602,100#200#300#400#500#603
10107,亚亚・图雷,拥有着非常强壮的身体，能够进行大面积的防守。,hero_h_10107,hero_i_10107,shirt_629,2,4,2,8,4055,1,30,130,130,30,1000,1000,5000,1000,100#200#300#400#500#600,100#200#300#400#500#601,100#200#300#400#500#602,100#200#300#400#500#603
10109,皮萨罗,不仅善于组织进攻，同时亦能插上破门得分。,hero_h_10109,hero_i_10109,shirt_630,2,4,4,8,4052,1,70,120,92,21,1000,5000,1000,1000,100#200#300#400#500#600,100#200#300#400#500#601,100#200#300#400#500#602,100#200#300#400#500#603
10113,皮亚尼奇,年仅16岁就在38次出场中攻入了4个入球。,hero_h_10113,hero_i_10113,shirt_626,2,4,4,8,4066,1,110,90,52,13,5000,1000,1000,1000,100#200#300#400#500#600,100#200#300#400#500#601,100#200#300#400#500#602,100#200#300#400#500#603
10133,里贝里,踢法充满活力，具有很强的带球突破能力，擅长在左路带球内切进攻。,hero_h_10133,hero_i_10133,shirt_611,2,4,3,8,4058,1,144,110,50,32,5000,1000,1000,1000,100#200#300#400#500#600,100#200#300#400#500#601,100#200#300#400#500#602,100#200#300#400#500#603
10187,阿扎尔,盘球时的爆发力和变速转向的能力突出。,hero_h_10187,hero_i_10187,shirt_630,2,4,8,8,4052,1,99,140,31,32,1000,5000,1000,1000,100#200#300#400#500#600,100#200#300#400#500#601,100#200#300#400#500#602,100#200#300#400#500#603
10198,科洛・图雷?,位置感极强，拦截出脚凶狠，防守面积较大。,hero_h_10198,hero_i_10198,shirt_629,3,4,2,8,4061,1,21,65,154,33,1000,1000,5000,1000,100#200#300#400#500#600,100#200#300#400#500#601,100#200#300#400#500#602,100#200#300#400#500#603
10210,威廉・加拉,欧洲足坛一名能力极为全面的后卫。 ,hero_h_10210,hero_i_10210,shirt_611,3,4,2,8,4072,1,41,60,134,21,1000,1000,5000,1000,100#200#300#400#500#600,100#200#300#400#500#601,100#200#300#400#500#602,100#200#300#400#500#603
10215,阿格,拥有北欧人强健的体魄，身材高大是球队后防重要的防空力量。,hero_h_10215,hero_i_10215,shirt_614,3,4,2,8,4060,1,37,34,143,21,1000,1000,5000,1000,100#200#300#400#500#600,100#200#300#400#500#601,100#200#300#400#500#602,100#200#300#400#500#603
10275,比达尔,后防线上的多面手，速度快、弹跳出色。,hero_h_10275,hero_i_10275,shirt_616,3,4,8,8,4073,1,34,120,123,34,1000,1000,5000,1000,100#200#300#400#500#600,100#200#300#400#500#601,100#200#300#400#500#602,100#200#300#400#500#603
10003,亨特拉尔,被誉为范巴斯滕之后荷兰最高效的神射手。,hero_h_10003,hero_i_10003,shirt_607,1,4,3,7,4057,1,142,62,21,49,5000,1000,1000,1000,100#200#300#400#500#600,100#200#300#400#500#601,100#200#300#400#500#602,100#200#300#400#500#603
10100,埃利亚,曾赢得了约翰・克鲁伊夫奖，即荷兰最佳新秀奖。,hero_h_10100,hero_i_10100,shirt_607,2,4,4,7,4053,1,133,65,20,30,5000,1000,1000,1000,100#200#300#400#500#600,100#200#300#400#500#601,100#200#300#400#500#602,100#200#300#400#500#603
10136,罗本,团队型球员，不仅仅能进球，还会为队友创造进球机会。,hero_h_10136,hero_i_10136,shirt_607,2,4,3,7,4068,1,154,101,21,12,5000,1000,1000,1000,100#200#300#400#500#600,100#200#300#400#500#601,100#200#300#400#500#602,100#200#300#400#500#603
10142,斯内德,任意球是他的杀手锏，既可以踢出优美的弧线，又能轰出霸道的大力抽射。,hero_h_10142,hero_i_10142,shirt_607,2,4,4,7,4055,1,90,140,51,21,1000,5000,1000,1000,100#200#300#400#500#600,100#200#300#400#500#601,100#200#300#400#500#602,100#200#300#400#500#603
10199,海廷加,可以踢防线上的任何位置。,hero_h_10199,hero_i_10199,shirt_607,3,4,2,7,4062,1,41,56,130,51,1000,1000,5000,1000,100#200#300#400#500#600,100#200#300#400#500#601,100#200#300#400#500#602,100#200#300#400#500#603
10277,斯特克伦博格,高大的身材是其先天的优势，近年来进步神速。,hero_h_10277,hero_i_10277,shirt_607,4,4,4,7,4077,1,34,36,131,21,1000,1000,5000,1000,100#200#300#400#500#600,100#200#300#400#500#601,100#200#300#400#500#602,100#200#300#400#500#603
10101,巴内加,拥有多种破门能力，能带球突然射门且攻守兼备。,hero_h_10101,hero_i_10101,shirt_606,2,4,5,6,4056,1,77,92,88,53,5000,1000,1000,1000,100#200#300#400#500#600,100#200#300#400#500#601,100#200#300#400#500#602,100#200#300#400#500#603
10307,迪玛利亚,双脚灵活，盘带起来就犹如施展轻身功夫那样，花巧、优美、实用。,hero_h_10307,hero_i_10307,shirt_606,2,4,5,6,4066,1,98,130,86,53,1000,5000,1000,1000,100#200#300#400#500#600,100#200#300#400#500#601,100#200#300#400#500#602,100#200#300#400#500#603
10024,比利亚,射术精湛，尤其是从禁区外向内突破的一下威力十足。,hero_h_10024,hero_i_10024,shirt_605,1,4,5,5,4057,1,130,98,38,21,5000,1000,1000,1000,100#200#300#400#500#600,100#200#300#400#500#601,100#200#300#400#500#602,100#200#300#400#500#603
10025,托雷斯,短程冲刺速度极快，爆发力出众，能在一瞬间抹过后卫。,hero_h_10025,hero_i_10025,shirt_605,1,4,2,5,4058,1,121,102,37,52,5000,1000,1000,1000,100#200#300#400#500#600,100#200#300#400#500#601,100#200#300#400#500#602,100#200#300#400#500#603
10083,马塔,前场穿针引线和传球能力突出，擅长团队协作。,hero_h_10083,hero_i_10083,shirt_605,1,4,8,5,4068,1,44,130,75,21,1000,5000,1000,1000,100#200#300#400#500#600,100#200#300#400#500#601,100#200#300#400#500#602,100#200#300#400#500#603
10105,马丁内斯,身体条件出众，攻守能力均衡。,hero_h_10105,hero_i_10105,shirt_605,2,4,5,5,4067,1,63,95,44,34,1000,1000,5000,1000,100#200#300#400#500#600,100#200#300#400#500#601,100#200#300#400#500#602,100#200#300#400#500#603
10106,纳瓦斯,塞维利亚青训系统培养出的炙手可热的球员。,hero_h_10106,hero_i_10106,shirt_605,2,4,5,5,4066,1,71,80,37,32,1000,5000,1000,1000,100#200#300#400#500#600,100#200#300#400#500#601,100#200#300#400#500#602,100#200#300#400#500#603
10111,华金,出众的技术和想象力，西甲最犀利的右边锋。,hero_h_10111,hero_i_10111,shirt_605,2,4,5,5,4071,1,55,71,33,23,5000,1000,1000,1000,100#200#300#400#500#600,100#200#300#400#500#601,100#200#300#400#500#602,100#200#300#400#500#603
10139,D・席尔瓦,不仅是一个边路的精灵，还是难以置信的多面手。,hero_h_10139,hero_i_10139,shirt_605,2,4,2,5,4052,1,68,98,47,32,1000,5000,1000,1000,100#200#300#400#500#600,100#200#300#400#500#601,100#200#300#400#500#602,100#200#300#400#500#603
10140,法布雷加斯,曾在世青赛上被评为最佳球员同时获得金靴奖，英超史上最年轻的队长之一。,hero_h_10140,hero_i_10140,shirt_605,2,4,5,5,4053,1,89,130,47,21,1000,5000,1000,1000,100#200#300#400#500#600,100#200#300#400#500#601,100#200#300#400#500#602,100#200#300#400#500#603
10149,布斯克茨,充满智慧的中场球员，阅读比赛能力非常强。,hero_h_10149,hero_i_10149,shirt_605,2,4,5,5,4058,1,42,145,67,21,1000,5000,1000,1000,100#200#300#400#500#600,100#200#300#400#500#601,100#200#300#400#500#602,100#200#300#400#500#603
10150,阿隆索,强悍的拚抢能力，开阔的大局观，都帮助他迅速成为攻防枢纽。,hero_h_10150,hero_i_10150,shirt_605,2,4,5,5,4065,1,50,143,48,23,1000,5000,1000,1000,100#200#300#400#500#600,100#200#300#400#500#601,100#200#300#400#500#602,100#200#300#400#500#603
10165,皮克,年仅25岁已获得21项大赛冠军，其中囊括了作为职业球员所能获得的全部荣誉。,hero_h_10165,hero_i_10165,shirt_605,2,4,2,5,4067,1,66,133,76,21,1000,5000,1000,1000,100#200#300#400#500#600,100#200#300#400#500#601,100#200#300#400#500#602,100#200#300#400#500#603
10200,阿尔比奥尔,不俗的控球能力，身手敏捷，防守技术全面。,hero_h_10200,hero_i_10200,shirt_605,3,4,5,5,4063,1,39,90,102,43,1000,1000,5000,1000,100#200#300#400#500#600,100#200#300#400#500#601,100#200#300#400#500#602,100#200#300#400#500#603
10303,雷纳,选位不错，对于传中地滚球扑中率较高。,hero_h_10303,hero_i_10303,shirt_605,4,4,2,5,4064,1,34,36,86,130,1000,1000,1000,5000,100#200#300#400#500#600,100#200#300#400#500#601,100#200#300#400#500#602,100#200#300#400#500#603
10005,乔文科,在技术、素质等诸多方面都证明了他是意大利球员中的翘楚。,hero_h_10005,hero_i_10005,shirt_604,1,4,4,4,4068,1,68,99,71,32,3500,1000,1000,1000,100#200#300#400#500#600,100#200#300#400#500#601,100#200#300#400#500#602,100#200#300#400#500#603
10006,吉拉迪诺,吉拉迪诺踢起球来并不飘逸，却冲击力十足。,hero_h_10006,hero_i_10006,shirt_604,1,4,4,4,4058,1,42,87,98,23,1000,3500,1000,1000,100#200#300#400#500#600,100#200#300#400#500#601,100#200#300#400#500#602,100#200#300#400#500#603
10034,巴洛特利,罚球高手，角球和任意球十分精准。,hero_h_10034,hero_i_10034,shirt_604,1,4,2,4,4070,1,140,78,21,31,3500,1000,1000,1000,100#200#300#400#500#600,100#200#300#400#500#601,100#200#300#400#500#602,100#200#300#400#500#603
10099,诺切里诺,入选意大利国家队后渐成不可动摇的一分子。,hero_h_10099,hero_i_10099,shirt_604,2,4,4,4,4057,3,122,78,21,31,3500,1000,1000,1000,100#200#300#400#500#600,100#200#300#400#500#601,100#200#300#400#500#602,100#200#300#400#500#603
10110,蒙托利沃,技术全面，柔韧性好，年少便被认为是天才前腰。,hero_h_10110,hero_i_10110,shirt_604,2,4,4,4,4065,1,102,78,21,31,1000,3500,1000,1000,100#200#300#400#500#600,100#200#300#400#500#601,100#200#300#400#500#602,100#200#300#400#500#603
10114,夸利亚雷拉,不缺少技术、天赋和积极，但门前的感觉并不好。,hero_h_10114,hero_i_10114,shirt_604,2,4,4,4,4058,1,90,76,21,31,3500,1000,1000,1000,100#200#300#400#500#600,100#200#300#400#500#601,100#200#300#400#500#602,100#200#300#400#500#603
10193,佩佩,在边锋或二前锋时盘带、突破和速度上有优势。,hero_h_10193,hero_i_10193,shirt_604,2,4,8,4,4058,1,40,46,130,32,1000,1000,3500,1000,100#200#300#400#500#600,100#200#300#400#500#601,100#200#300#400#500#602,100#200#300#400#500#603
10214,德切利,被称作“尤文图斯青训最宝贵的产品之一”。,hero_h_10214,hero_i_10214,shirt_604,3,4,4,4,4076,1,18,98,67,32,1000,1000,3500,1000,100#200#300#400#500#600,100#200#300#400#500#601,100#200#300#400#500#602,100#200#300#400#500#603
10008,戈麦斯,技术全面，无论是左右脚射门还是头球都能把握恰到好处。,hero_h_10008,hero_i_10008,shirt_603,1,4,3,3,4070,1,135,105,56,21,3500,1000,1000,1000,100#200#300#400#500#600,100#200#300#400#500#601,100#200#300#400#500#602,100#200#300#400#500#603
10030,T・穆勒,2010年南非世界杯最佳射手，为德国队成功卫冕了世界杯金靴奖。,hero_h_10030,hero_i_10030,shirt_603,1,4,3,3,4069,1,120,99,61,21,3500,1000,1000,1000,100#200#300#400#500#600,100#200#300#400#500#601,100#200#300#400#500#602,100#200#300#400#500#603
10087,罗伊斯,别名小火箭，拥有很高的纪律性。,hero_h_10087,hero_i_10087,shirt_603,1,4,8,3,4055,1,120,76,32,31,1000,3500,1000,1000,100#200#300#400#500#600,100#200#300#400#500#601,100#200#300#400#500#602,100#200#300#400#500#603
10115,克罗斯,脚法出众，头脑清晰而富于创造力。,hero_h_10115,hero_i_10115,shirt_603,2,4,3,3,4071,1,70,71,35,42,3500,1000,1000,1000,100#200#300#400#500#600,100#200#300#400#500#601,100#200#300#400#500#602,100#200#300#400#500#603
10116,赫迪拉,勒夫称赞他小小年纪就拥有如此高的比赛智商和出色的技术。,hero_h_10116,hero_i_10116,shirt_603,2,4,5,3,4068,1,110,47,74,32,3500,1000,1000,1000,100#200#300#400#500#600,100#200#300#400#500#601,100#200#300#400#500#602,100#200#300#400#500#603
10141,厄齐尔,脚下技术细腻、擅长传威胁球，自己射门的能力也不弱。,hero_h_10141,hero_i_10141,shirt_603,2,4,5,3,4054,1,78,140,61,72,1000,3500,1000,1000,100#200#300#400#500#600,100#200#300#400#500#601,100#200#300#400#500#602,100#200#300#400#500#603
10195,梅策尔德,上抢凶狠，往往令世界级前锋也心虚。,hero_h_10195,hero_i_10195,shirt_603,3,4,3,3,4076,1,33,76,130,41,1000,1000,3500,1000,100#200#300#400#500#600,100#200#300#400#500#601,100#200#300#400#500#602,100#200#300#400#500#603
10209,默特萨克,冷静，尽管自己可能比对方前锋迟缓但从不慌乱。,hero_h_10209,hero_i_10209,shirt_603,3,4,2,3,4059,1,40,53,125,56,1000,1000,3500,1000,100#200#300#400#500#600,100#200#300#400#500#601,100#200#300#400#500#602,100#200#300#400#500#603
10276,诺伊尔,反应速度快，防守覆盖面大，拜仁的新门神。,hero_h_10276,hero_i_10276,shirt_603,4,4,3,3,4064,1,34,36,55,150,1000,1000,1000,3500,100#200#300#400#500#600,100#200#300#400#500#601,100#200#300#400#500#602,100#200#300#400#500#603
10295,阿德勒,反应神速又不缺冷静和凶狠，对出击时机的把握炉火纯青。,hero_h_10295,hero_i_10295,shirt_603,4,4,3,3,4064,1,34,36,86,130,1000,1000,1000,3500,100#200#300#400#500#600,100#200#300#400#500#601,100#200#300#400#500#602,100#200#300#400#500#603
10073,莱因克尔,英式前锋的代表人物，86年世界杯最佳射手。 ,hero_h_10073,hero_i_10073,shirt_602,1,4,8,2,4056,1,120,92,38,32,3500,1000,1000,1000,100#200#300#400#500#600,100#200#300#400#500#601,100#200#300#400#500#602,100#200#300#400#500#603
10092,沃尔科特,十多岁时曾在地区运动会上跑出11秒5的成绩。,hero_h_10092,hero_i_10092,shirt_602,2,4,2,2,4065,1,120,92,38,32,1000,3500,1000,1000,100#200#300#400#500#600,100#200#300#400#500#601,100#200#300#400#500#602,100#200#300#400#500#603
10102,乔・科尔,技术出众，左脚控球技术好，助攻能力强。,hero_h_10102,hero_i_10102,shirt_602,2,4,6,2,4068,1,67,90,120,50,1000,1000,3500,1000,100#200#300#400#500#600,100#200#300#400#500#601,100#200#300#400#500#602,100#200#300#400#500#603
10196,莱德利・金,头球争顶和防空环节极强，协防补位意识较好。,hero_h_10196,hero_i_10196,shirt_602,3,4,2,2,4060,1,67,30,120,50,1000,1000,1000,1000,100#200#300#400#500#600,100#200#300#400#500#601,100#200#300#400#500#602,100#200#300#400#500#603
10197,卡拉格,作风勇猛，拼抢和拦截都很积极。,hero_h_10197,hero_i_10197,shirt_602,3,4,2,2,4059,1,12,30,122,50,1000,1000,1000,1000,100#200#300#400#500#600,100#200#300#400#500#601,100#200#300#400#500#602,100#200#300#400#500#603
10213,G・约翰逊,身体强壮，长传精准，有很好的进攻意识，远射颇具威胁。,hero_h_10213,hero_i_10213,shirt_602,3,4,2,2,4075,1,43,52,110,32,1000,3500,1000,1000,100#200#300#400#500#600,100#200#300#400#500#601,100#200#300#400#500#602,100#200#300#400#500#603
10300,乔・哈特,身材高大但是瘦削，反应敏捷，手控球，以及用脚长传很准。,hero_h_10300,hero_i_10300,shirt_602,4,4,2,2,4077,1,34,36,86,144,1000,1000,1000,3500,100#200#300#400#500#600,100#200#300#400#500#601,100#200#300#400#500#602,100#200#300#400#500#603
10081,法尔考,曾获'南美最佳运动员''世界十名最佳足球运动员'称号。,hero_h_10081,hero_i_10081,shirt_601,1,4,8,1,4067,1,144,91,47,67,3500,1000,1000,1000,100#200#300#400#500#600,100#200#300#400#500#601,100#200#300#400#500#602,100#200#300#400#500#603
10082,胡尔克,由于酷似电影里的绿巨人于是被称为“浩克”。,hero_h_10082,hero_i_10082,shirt_601,1,4,8,1,4066,1,52,58,83,94,1000,1000,3500,1000,100#200#300#400#500#600,100#200#300#400#500#601,100#200#300#400#500#602,100#200#300#400#500#603
10097,莫塔,自巴萨在诺坎普3比0大胜马洛卡后有了自己的一线位置。,hero_h_10097,hero_i_10097,shirt_601,2,4,4,1,4054,1,110,85,41,61,1000,1000,3500,1000,100#200#300#400#500#600,100#200#300#400#500#601,100#200#300#400#500#602,100#200#300#400#500#603
10103,塞纳,技术细腻，抢截动作不大但效果很好。,hero_h_10103,hero_i_10103,shirt_601,2,4,5,1,4071,1,63,84,120,53,1000,1000,3500,1000,100#200#300#400#500#600,100#200#300#400#500#601,100#200#300#400#500#602,100#200#300#400#500#603
10188,T・席尔瓦,无论弹跳还是拦抢都具备了超强的素质。,hero_h_10188,hero_i_10188,shirt_601,2,4,8,1,4053,1,78,98,35,40,1000,3500,1000,1000,100#200#300#400#500#600,100#200#300#400#500#601,100#200#300#400#500#602,100#200#300#400#500#603
10191,卢卡斯,据报道他的转会金额高达4500万欧元。,hero_h_10191,hero_i_10191,shirt_601,2,4,8,1,4054,1,35,98,47,57,1000,3500,1000,1000,100#200#300#400#500#600,100#200#300#400#500#601,100#200#300#400#500#602,100#200#300#400#500#603
10211,西西尼奥,典型的助攻型边后卫，是联合会杯上的助攻王。,hero_h_10211,hero_i_10211,shirt_601,3,4,4,1,4073,1,44,51,120,53,1000,1000,3500,1000,100#200#300#400#500#600,100#200#300#400#500#601,100#200#300#400#500#602,100#200#300#400#500#603
10212,胡安,出众的肌肉爆发力让他能在短距离拥有极快的加速度。,hero_h_10212,hero_i_10212,shirt_601,3,4,4,1,4074,1,51,54,120,62,1000,3500,1000,1000,100#200#300#400#500#600,100#200#300#400#500#601,100#200#300#400#500#602,100#200#300#400#500#603
10010,吉尼亚克,曾在2008－2009赛季以24个进球当选法甲最佳射手。,hero_h_10010,hero_i_10010,shirt_611,1,3,6,8,4082,3,134,12,43,23,2500,1000,1000,1000,100#200#300#400#500#600,100#200#300#400#500#601,100#200#300#400#500#602,100#200#300#400#500#603
10013,约维蒂奇,活动范围较大，射门，控球和传球都有一定水平。,hero_h_10013,hero_i_10013,shirt_629,1,3,4,8,4078,1,92,110,33,55,2500,1000,1000,1000,100#200#300#400#500#600,100#200#300#400#500#601,100#200#300#400#500#602,100#200#300#400#500#603
10036,卡瓦尼,仅20岁的卡瓦尼便获得南美U20锦标赛金靴。,hero_h_10036,hero_i_10036,shirt_615,1,3,4,8,4080,1,90,99,41,63,2500,1000,1000,1000,100#200#300#400#500#600,100#200#300#400#500#601,100#200#300#400#500#602,100#200#300#400#500#603
10094,巴伦西亚,主要司职中场多个攻击型位置。,hero_h_10094,hero_i_10094,shirt_628,2,3,2,8,4087,1,61,87,41,32,1000,2500,1000,1000,100#200#300#400#500#600,100#200#300#400#500#601,100#200#300#400#500#602,100#200#300#400#500#603
10118,梅雷莱斯,可以胜任中场任何位置，主要负责中场的防守拦截工作。,hero_h_10118,hero_i_10118,shirt_608,2,3,2,8,4081,1,53,89,98,32,1000,1000,2500,1000,100#200#300#400#500#600,100#200#300#400#500#601,100#200#300#400#500#602,100#200#300#400#500#603
10119,拉米雷斯,连续夺得中甲和中超金靴的双料射手王,hero_h_10119,hero_i_10119,shirt_617,2,3,2,8,4080,1,99,76,51,53,2500,1000,1000,1000,100#200#300#400#500#600,100#200#300#400#500#601,100#200#300#400#500#602,100#200#300#400#500#603
10122,蒙塔里,拥有卡卡的球感和戴维斯的全能性，是一个值得关注的球员。 ,hero_h_10122,hero_i_10122,shirt_624,2,3,4,8,4081,1,43,87,99,20,1000,2500,1000,1000,100#200#300#400#500#600,100#200#300#400#500#601,100#200#300#400#500#602,100#200#300#400#500#603
10132,纳尼,以速度快、脚法好、盘带出色著称。,hero_h_10132,hero_i_10132,shirt_608,2,3,2,8,4080,1,98,99,49,32,1000,2500,1000,1000,100#200#300#400#500#600,100#200#300#400#500#601,100#200#300#400#500#602,100#200#300#400#500#603
10163,摩德里奇,最大特点是攻守转换时的跑位；在进攻组织者中他的防守也算上乘。,hero_h_10163,hero_i_10163,shirt_619,2,3,2,8,4084,1,41,89,84,50,1000,1000,2500,1000,100#200#300#400#500#600,100#200#300#400#500#601,100#200#300#400#500#602,100#200#300#400#500#603
10217,苏博蒂奇,除了防守之外还具备一定的得分能力。,hero_h_10217,hero_i_10217,shirt_603,3,3,3,3,4086,1,77,76,89,21,1000,1000,2500,1000,100#200#300#400#500#600,100#200#300#400#500#601,100#200#300#400#500#602,100#200#300#400#500#603
10220,里瑟,有称“挪威重炮手”足见其超群的重炮远射功夫与良好的身体素质。,hero_h_10220,hero_i_10220,shirt_626,3,3,2,8,4089,1,78,72,56,42,1000,1000,2500,1000,100#200#300#400#500#600,100#200#300#400#500#601,100#200#300#400#500#602,100#200#300#400#500#603
10221,森德罗斯,新年期间突然爆发，顶替了受伤的坎贝尔，在坎贝尔复出后依然是球队主力。,hero_h_10221,hero_i_10221,shirt_624,3,3,2,8,4085,1,88,57,41,34,1000,2500,1000,1000,100#200#300#400#500#600,100#200#300#400#500#601,100#200#300#400#500#602,100#200#300#400#500#603
10222,齐沃,2007-08赛季在国米表现突出，成功帮助国米卫冕联赛冠军。,hero_h_10222,hero_i_10222,shirt_627,3,3,4,8,4086,1,86,53,99,32,1000,2500,1000,1000,100#200#300#400#500#600,100#200#300#400#500#601,100#200#300#400#500#602,100#200#300#400#500#603
10232,科斯切尔尼,拥有良好的身体素质，预判准确，铲断精准凶悍，控球沉稳，传球犀利。,hero_h_10232,hero_i_10232,shirt_611,3,3,2,8,4087,1,40,78,99,32,2500,1000,1000,1000,100#200#300#400#500#600,100#200#300#400#500#601,100#200#300#400#500#602,100#200#300#400#500#603
10241,孔帕尼,身材高大而且身体素质出众，是“欧洲最有天份的球员”之一。,hero_h_10241,hero_i_10241,shirt_629,3,3,2,8,4086,3,78,76,89,31,2500,1000,1000,1000,100#200#300#400#500#600,100#200#300#400#500#601,100#200#300#400#500#602,100#200#300#400#500#603
10301,汉达诺维奇,稳健的发挥和超强的个人能力是他在意大利足坛立足的重要支点。,hero_h_10301,hero_i_10301,shirt_627,4,3,4,8,4090,1,78,76,89,31,1000,2500,1000,1000,100#200#300#400#500#600,100#200#300#400#500#601,100#200#300#400#500#602,100#200#300#400#500#603
10302,吉文,是一名爱尔兰足球运动员。目前效力于英超的阿斯顿维拉俱乐部。,hero_h_10302,hero_i_10302,shirt_629,4,3,2,8,4090,1,34,76,86,53,1000,2500,1000,1000,100#200#300#400#500#600,100#200#300#400#500#601,100#200#300#400#500#602,100#200#300#400#500#603
10304,洛里斯,特别之处是反应和扑救的速度。,hero_h_10304,hero_i_10304,shirt_611,4,3,2,8,4090,1,34,36,86,120,1000,1000,1000,2500,100#200#300#400#500#600,100#200#300#400#500#601,100#200#300#400#500#602,100#200#300#400#500#603
10306,弗雷,门线技术出众、扑救动作精确而精彩。,hero_h_10306,hero_i_10306,shirt_627,4,3,4,8,4090,1,34,36,86,132,1000,1000,1000,2500,100#200#300#400#500#600,100#200#300#400#500#601,100#200#300#400#500#602,100#200#300#400#500#603
10018,库伊特,曾以29球成为了荷甲射手王。,hero_h_10018,hero_i_10018,shirt_607,1,3,2,7,4082,1,112,78,19,21,2500,1000,1000,1000,100#200#300#400#500#600,100#200#300#400#500#601,100#200#300#400#500#602,100#200#300#400#500#603
10123,德伦特,推进速度快，善于突破过人，拥有不错的远射和任意球功夫。,hero_h_10123,hero_i_10123,shirt_607,2,3,2,7,4084,1,121,78,48,23,2500,1000,1000,1000,100#200#300#400#500#600,100#200#300#400#500#601,100#200#300#400#500#602,100#200#300#400#500#603
10014,米利托,以敏锐的触觉和精湛的射术而闻名。,hero_h_10014,hero_i_10014,shirt_606,1,3,4,6,4083,1,130,66,72,21,2500,1000,1000,1000,100#200#300#400#500#600,100#200#300#400#500#601,100#200#300#400#500#602,100#200#300#400#500#603
10015,拉维奇,突破能力强，技术精湛，空跑和带球速度都很快。,hero_h_10015,hero_i_10015,shirt_606,1,3,4,6,4084,1,65,108,44,33,1000,2500,1000,1000,100#200#300#400#500#600,100#200#300#400#500#601,100#200#300#400#500#602,100#200#300#400#500#603
10145,帕斯托雷,优雅的球风，后插上的能力以及断球的本领。,hero_h_10145,hero_i_10145,shirt_606,2,3,6,6,4080,1,37,99,54,53,1000,2500,1000,1000,100#200#300#400#500#600,100#200#300#400#500#601,100#200#300#400#500#602,100#200#300#400#500#603
10147,马斯切拉诺,有不错的位置感，当今足坛后腰位置上防守能力最好的球员之一。,hero_h_10147,hero_i_10147,shirt_606,2,3,5,6,4080,1,37,78,99,21,1000,1000,2500,1000,100#200#300#400#500#600,100#200#300#400#500#601,100#200#300#400#500#602,100#200#300#400#500#603
10011,略伦特,"高而不笨,移动灵活，以及接应意识十分突出。",hero_h_10011,hero_i_10011,shirt_605,1,3,5,5,4081,1,89,132,52,33,1000,1000,2500,1000,100#200#300#400#500#600,100#200#300#400#500#601,100#200#300#400#500#602,100#200#300#400#500#603
10143,佩德罗,技术出色、速度奇快，既能门前抢点破门也能大力远射得分。,hero_h_10143,hero_i_10143,shirt_605,2,3,5,5,4078,1,89,98,65,32,2500,1000,1000,1000,100#200#300#400#500#600,100#200#300#400#500#601,100#200#300#400#500#602,100#200#300#400#500#603
10236,拉莫斯,脚下技术细致出色，定位球强点突出，头球出众，能力全面。,hero_h_10236,hero_i_10236,shirt_605,3,3,5,5,4085,1,89,98,88,32,1000,1000,2500,1000,100#200#300#400#500#600,100#200#300#400#500#601,100#200#300#400#500#602,100#200#300#400#500#603
10297,阿森霍,在巴拉多利德青年队开始职业生涯，俱乐部中最具有天赋的球员之一。,hero_h_10297,hero_i_10297,shirt_605,4,3,5,5,4090,1,78,56,76,34,1000,1000,2500,1000,100#200#300#400#500#600,100#200#300#400#500#601,100#200#300#400#500#602,100#200#300#400#500#603
10016,迪纳塔莱,拥有出色的基本功和脚法，左右开弓，射门方式多样。,hero_h_10016,hero_i_10016,shirt_604,1,3,4,4,4080,1,89,78,63,32,2500,1000,1000,1000,100#200#300#400#500#600,100#200#300#400#500#601,100#200#300#400#500#602,100#200#300#400#500#603
10146,马尔基西奥,攻防俱佳，出色的跑动和拦截能力，使其成为中场的屏障。,hero_h_10146,hero_i_10146,shirt_604,2,3,4,4,4079,1,42,88,89,34,1000,1000,2500,1000,100#200#300#400#500#600,100#200#300#400#500#601,100#200#300#400#500#602,100#200#300#400#500#603
10148,德罗西,能攻善守，欧洲顶级中场。他抢断出色，视野开阔，传球精准。,hero_h_10148,hero_i_10148,shirt_604,2,3,4,4,4081,1,47,98,99,55,1000,2500,1000,1000,100#200#300#400#500#600,100#200#300#400#500#601,100#200#300#400#500#602,100#200#300#400#500#603
10216,桑顿,在自己的处子秀中用完美的表现震惊了所有的球迷和行家们。,hero_h_10216,hero_i_10216,shirt_604,3,3,2,4,4085,1,39,51,47,50,2500,1000,1000,1000,100#200#300#400#500#600,100#200#300#400#500#601,100#200#300#400#500#602,100#200#300#400#500#603
10218,格罗索,速度快、技术好，助攻出色，左脚脚法秀丽。,hero_h_10218,hero_i_10218,shirt_604,3,3,4,4,4087,1,42,74,97,53,1000,1000,2500,1000,100#200#300#400#500#600,100#200#300#400#500#601,100#200#300#400#500#602,100#200#300#400#500#603
10219,博努奇,身材强壮高大，防守面积很大，速度不错。,hero_h_10219,hero_i_10219,shirt_604,3,3,4,4,4088,1,47,32,99,38,1000,1000,2500,1000,100#200#300#400#500#600,100#200#300#400#500#601,100#200#300#400#500#602,100#200#300#400#500#603
10296,阿比亚蒂,比赛型门将，出击十分果断，对高空球与一对一面对单刀球的造诣颇深。,hero_h_10296,hero_i_10296,shirt_604,4,3,4,4,4090,1,34,36,86,120,1000,1000,1000,2500,100#200#300#400#500#600,100#200#300#400#500#601,100#200#300#400#500#602,100#200#300#400#500#603
10299,德桑克蒂斯,反应奇快、门线技术好、爆发力出众。 ,hero_h_10299,hero_i_10299,shirt_604,4,3,4,4,4090,1,34,36,86,120,1000,1000,1000,2500,100#200#300#400#500#600,100#200#300#400#500#601,100#200#300#400#500#602,100#200#300#400#500#603
10305,马尔凯蒂,意大利足坛最近两年涌现出的一颗新星。,hero_h_10305,hero_i_10305,shirt_604,4,3,4,4,4090,1,56,56,86,53,1000,1000,2500,1000,100#200#300#400#500#600,100#200#300#400#500#601,100#200#300#400#500#602,100#200#300#400#500#603
10009,阿德巴约,身材就像重型装甲车，脚下功夫不错，头球能力也不弱。,hero_h_10009,hero_i_10009,shirt_603,1,3,3,3,4079,1,79,96,73,21,1000,2500,1000,1000,100#200#300#400#500#600,100#200#300#400#500#601,100#200#300#400#500#602,100#200#300#400#500#603
10194,施魏因施泰格,体力充沛，身形健硕，技术全面，无论是进攻端还是防守端都有着不俗的能力。,hero_h_10194,hero_i_10194,shirt_603,2,3,3,3,4078,1,78,98,43,34,1000,2500,1000,1000,100#200#300#400#500#600,100#200#300#400#500#601,100#200#300#400#500#602,100#200#300#400#500#603
10093,列侬,列侬身材不高，速度极快，突破过人能力很强。,hero_h_10093,hero_i_10093,shirt_602,2,3,2,2,4089,1,71,72,51,59,1000,2500,1000,1000,100#200#300#400#500#600,100#200#300#400#500#601,100#200#300#400#500#602,100#200#300#400#500#603
10121,佩罗塔,一个技术和抢断能力俱佳的大器晚成型后腰。,hero_h_10121,hero_i_10121,shirt_602,2,3,4,2,4079,1,61,78,27,46,1000,1000,2500,1000,100#200#300#400#500#600,100#200#300#400#500#601,100#200#300#400#500#602,100#200#300#400#500#603
10017,尼尔・马,18岁开始为国际队出战正式比赛，两年里出场42次打进16球。,hero_h_10017,hero_i_10017,shirt_601,1,3,5,1,4079,1,78,61,86,32,1000,2500,1000,1000,100#200#300#400#500#600,100#200#300#400#500#601,100#200#300#400#500#602,100#200#300#400#500#603
10095,迭戈,代表巴西国家队效力超过30次。,hero_h_10095,hero_i_10095,shirt_601,2,3,5,1,4088,1,43,57,46,32,2500,1000,1000,1000,100#200#300#400#500#600,100#200#300#400#500#601,100#200#300#400#500#602,100#200#300#400#500#603
10120,安德森,曾参加国际足联U17世界锦标赛并获得了代表最有价值球员的金球奖。,hero_h_10120,hero_i_10120,shirt_601,2,3,2,1,4078,1,66,46,53,32,2500,1000,1000,1000,100#200#300#400#500#600,100#200#300#400#500#601,100#200#300#400#500#602,100#200#300#400#500#603
10233,阿尔维斯,体力十分充沛，除了完成防守之外，还积极的前插助攻。,hero_h_10233,hero_i_10233,shirt_601,3,3,5,1,4088,1,65,89,99,45,1000,1000,2500,1000,100#200#300#400#500#600,100#200#300#400#500#601,100#200#300#400#500#602,100#200#300#400#500#603
10234,马塞洛,进攻上速度快，带球能力较强，传中精度尚可，远射不错。,hero_h_10234,hero_i_10234,shirt_601,3,3,5,1,4089,1,89,77,37,32,1000,2500,1000,1000,100#200#300#400#500#600,100#200#300#400#500#601,100#200#300#400#500#602,100#200#300#400#500#603
10235,威廉・基恩,基恩是有创造性和致命性的中锋，擅长自己寻找机会。,hero_h_10235,hero_i_10235,shirt_628,1,3,2,2,4089,1,77,89,37,54,2500,1000,1000,1000,100#200#300#400#500#600,100#200#300#400#500#601,100#200#300#400#500#602,100#200#300#400#500#603
10237,安德斯,控球能力出色，能准确地传球给队友，这是他优点之一。,hero_h_10237,hero_i_10236,shirt_628,4,3,2,8,4089,1,23,88,37,54,1000,2500,1000,1000,100#200#300#400#500#600,100#200#300#400#500#601,100#200#300#400#500#602,100#200#300#400#500#603
10238,纳斯塔西奇,多次入选塞尔维亚国青，凭借优异的表现受到关注。,hero_h_10237,hero_i_10237,shirt_608,3,3,2,8,4089,1,27,52,37,32,1000,2500,1000,1000,100#200#300#400#500#600,100#200#300#400#500#601,100#200#300#400#500#602,100#200#300#400#500#603
10239,马沙多,入选过各年龄段的葡萄牙队，不受葡超豪门重视，常被租借。,hero_h_10239,hero_i_10239,shirt_608,2,2,6,8,4080,1,31,47,49,32,1000,1000,2500,1000,100#200#300#400#500#600,100#200#300#400#500#601,100#200#300#400#500#602,100#200#300#400#500#603
10240,罗兰多,他几乎具备了成为一名优秀中卫的全部条件。,hero_h_10240,hero_i_10240,shirt_608,3,3,7,8,4080,1,31,47,78,43,1000,1000,2500,1000,100#200#300#400#500#600,100#200#300#400#500#601,100#200#300#400#500#602,100#200#300#400#500#603
10241,波斯蒂加,总能在葡萄牙需要他的时候挺身而出，屡次建功。,hero_h_10241,hero_i_10241,shirt_608,1,2,5,8,4080,1,31,47,49,35,1000,1000,2500,1000,100#200#300#400#500#600,100#200#300#400#500#601,100#200#300#400#500#602,100#200#300#400#500#603
10242,B・阿尔维斯,他防空能力超强，是葡足坛少有的身体条件优秀的中后卫。,hero_h_10242,hero_i_10242,shirt_608,3,3,7,8,4080,1,31,88,76,32,1000,2500,1000,1000,100#200#300#400#500#600,100#200#300#400#500#601,100#200#300#400#500#602,100#200#300#400#500#603
10243,布拉沃,很快就表现出了门将天赋，年仅19岁就当上球队的主力。,hero_h_10243,hero_i_10243,shirt_609,4,3,5,8,4071,1,77,32,51,100,1000,1000,1000,2500,100#200#300#400#500#600,100#200#300#400#500#601,100#200#300#400#500#602,100#200#300#400#500#603
10244,伊斯拉,具有典型南美边后卫的特点，防守不错，擅于助攻。,hero_h_10244,hero_i_10244,shirt_609,3,3,4,8,4071,1,77,56,100,32,1000,1000,2500,1000,100#200#300#400#500#600,100#200#300#400#500#601,100#200#300#400#500#602,100#200#300#400#500#603
10245,梅德尔,他射门力道强劲，头球能力优异和美妙的传球技巧。,hero_h_10245,hero_i_10245,shirt_609,5,3,2,8,4071,1,77,96,51,43,2500,1000,1000,1000,100#200#300#400#500#600,100#200#300#400#500#601,100#200#300#400#500#602,100#200#300#400#500#603
10246,加雷斯・巴里,早期踢后卫，可以打中卫，也能左后卫，是后防多面手。,hero_h_10246,hero_i_10246,shirt_602,2,3,2,2,4089,1,27,52,98,43,1000,1000,2500,1000,100#200#300#400#500#600,100#200#300#400#500#601,100#200#300#400#500#602,100#200#300#400#500#603
10247,菲罗,在2002年凭借着出色的表现入选了科洛科洛的一线队。,hero_h_10246,hero_i_10246,shirt_609,2,3,7,8,4089,1,27,52,37,23,1000,2500,1000,1000,100#200#300#400#500#600,100#200#300#400#500#601,100#200#300#400#500#602,100#200#300#400#500#603
